DATE,YEAR,EURO
01/01/2019,2019,8350
01/01/2019,2019,104
03/01/2019,2019,3666
03/01/2019,2019,1242
06/01/2019,2019,284
07/01/2019,2019,67
09/01/2019,2019,162
09/01/2019,2019,35
09/01/2019,2019,3
10/01/2019,2019,8
10/01/2019,2019,16
11/01/2019,2019,28
11/01/2019,2019,289
11/01/2019,2019,12
11/01/2019,2019,8
11/01/2019,2019,0
12/01/2019,2019,6
12/01/2019,2019,33
13/01/2019,2019,18
13/01/2019,2019,1
13/01/2019,2019,4
14/01/2019,2019,27
14/01/2019,2019,11
14/01/2019,2019,8
14/01/2019,2019,13
14/01/2019,2019,27
14/01/2019,2019,3
14/01/2019,2019,77
14/01/2019,2019,27
15/01/2019,2019,3
15/01/2019,2019,11
15/01/2019,2019,50
15/01/2019,2019,43
17/01/2019,2019,11
18/01/2019,2019,23
18/01/2019,2019,9
20/01/2019,2019,4750
21/01/2019,2019,32
23/01/2019,2019,184
23/01/2019,2019,28
23/01/2019,2019,14
24/01/2019,2019,6
25/01/2019,2019,6
26/01/2019,2019,17
28/01/2019,2019,337
28/01/2019,2019,15
28/01/2019,2019,15
28/01/2019,2019,43
29/01/2019,2019,5
30/01/2019,2019,4
31/01/2019,2019,21832
01/02/2019,2019,29
06/02/2019,2019,57
06/02/2019,2019,11000
07/02/2019,2019,9
07/02/2019,2019,7
08/02/2019,2019,5
08/02/2019,2019,17
08/02/2019,2019,4
11/02/2019,2019,84
13/02/2019,2019,84
14/02/2019,2019,18
14/02/2019,2019,104
18/02/2019,2019,530
18/02/2019,2019,33
18/02/2019,2019,4
18/02/2019,2019,9070
20/02/2019,2019,3000
21/02/2019,2019,383
21/02/2019,2019,206
21/02/2019,2019,139
26/02/2019,2019,8
26/02/2019,2019,20
27/02/2019,2019,62
27/02/2019,2019,42
27/02/2019,2019,8
28/02/2019,2019,22045
01/03/2019,2019,473
01/03/2019,2019,140
01/03/2019,2019,3
01/03/2019,2019,10
01/03/2019,2019,7
01/03/2019,2019,6
01/03/2019,2019,5
01/03/2019,2019,23
01/03/2019,2019,6
01/03/2019,2019,65
03/03/2019,2019,22
04/03/2019,2019,365
05/03/2019,2019,17
05/03/2019,2019,13
06/03/2019,2019,16
07/03/2019,2019,20
07/03/2019,2019,7
08/03/2019,2019,5367
08/03/2019,2019,105
08/03/2019,2019,275
08/03/2019,2019,405
08/03/2019,2019,43
08/03/2019,2019,15
08/03/2019,2019,96
08/03/2019,2019,89
09/03/2019,2019,6000
09/03/2019,2019,5
11/03/2019,2019,470
11/03/2019,2019,11
11/03/2019,2019,17
12/03/2019,2019,10
12/03/2019,2019,7
14/03/2019,2019,11
14/03/2019,2019,4
16/03/2019,2019,38
17/03/2019,2019,6
18/03/2019,2019,89
20/03/2019,2019,237
20/03/2019,2019,15
20/03/2019,2019,5
20/03/2019,2019,12
20/03/2019,2019,13
21/03/2019,2019,237
21/03/2019,2019,3
22/03/2019,2019,30
22/03/2019,2019,3
23/03/2019,2019,9
24/03/2019,2019,4
25/03/2019,2019,2
25/03/2019,2019,2
25/03/2019,2019,54
26/03/2019,2019,7
26/03/2019,2019,6
27/03/2019,2019,1
27/03/2019,2019,19
28/03/2019,2019,82
29/03/2019,2019,321
29/03/2019,2019,26
29/03/2019,2019,2
31/03/2019,2019,19121
31/03/2019,2019,54
02/04/2019,2019,67
02/04/2019,2019,178
03/04/2019,2019,6000
03/04/2019,2019,247
03/04/2019,2019,1066
03/04/2019,2019,19
08/04/2019,2019,104
09/04/2019,2019,11413
09/04/2019,2019,684
09/04/2019,2019,2
09/04/2019,2019,96
09/04/2019,2019,44
10/04/2019,2019,34
10/04/2019,2019,95
11/04/2019,2019,313
11/04/2019,2019,240
11/04/2019,2019,18
12/04/2019,2019,386
12/04/2019,2019,4
12/04/2019,2019,12
12/04/2019,2019,4
15/04/2019,2019,8
15/04/2019,2019,35
17/04/2019,2019,132
17/04/2019,2019,10
18/04/2019,2019,415
18/04/2019,2019,77
18/04/2019,2019,17
18/04/2019,2019,2
18/04/2019,2019,10
19/04/2019,2019,14
19/04/2019,2019,78
19/04/2019,2019,14
22/04/2019,2019,3
22/04/2019,2019,5
22/04/2019,2019,13
22/04/2019,2019,11
22/04/2019,2019,6
23/04/2019,2019,4
24/04/2019,2019,3
24/04/2019,2019,6
24/04/2019,2019,3
26/04/2019,2019,3000
26/04/2019,2019,8
26/04/2019,2019,12
27/04/2019,2019,12
27/04/2019,2019,15
27/04/2019,2019,66
28/04/2019,2019,18
28/04/2019,2019,15
28/04/2019,2019,33
29/04/2019,2019,115
29/04/2019,2019,4
29/04/2019,2019,18
29/04/2019,2019,22
30/04/2019,2019,20162
30/04/2019,2019,113
30/04/2019,2019,36
30/04/2019,2019,102
30/04/2019,2019,34
30/04/2019,2019,65
01/05/2019,2019,9851
01/05/2019,2019,2248
01/05/2019,2019,506
01/05/2019,2019,4541
01/05/2019,2019,140
01/05/2019,2019,49
01/05/2019,2019,11
01/05/2019,2019,7
01/05/2019,2019,6
01/05/2019,2019,7
01/05/2019,2019,151
01/05/2019,2019,276
01/05/2019,2019,8
01/05/2019,2019,44
01/05/2019,2019,501
02/05/2019,2019,437
02/05/2019,2019,161
02/05/2019,2019,161
03/05/2019,2019,9
06/05/2019,2019,263
06/05/2019,2019,39
08/05/2019,2019,15000
09/05/2019,2019,34
13/05/2019,2019,262
13/05/2019,2019,26
15/05/2019,2019,1
16/05/2019,2019,3
16/05/2019,2019,11
16/05/2019,2019,28
17/05/2019,2019,297
20/05/2019,2019,22
20/05/2019,2019,18
20/05/2019,2019,59
22/05/2019,2019,373
22/05/2019,2019,63
22/05/2019,2019,2
22/05/2019,2019,4
22/05/2019,2019,1
23/05/2019,2019,20
24/05/2019,2019,29
24/05/2019,2019,502
24/05/2019,2019,30
24/05/2019,2019,17
24/05/2019,2019,22500
27/05/2019,2019,199
27/05/2019,2019,8
28/05/2019,2019,1
29/05/2019,2019,4
29/05/2019,2019,8
29/05/2019,2019,14
30/05/2019,2019,298
30/05/2019,2019,298
31/05/2019,2019,24959
31/05/2019,2019,99
31/05/2019,2019,303
31/05/2019,2019,1599
31/05/2019,2019,8
31/05/2019,2019,233
01/06/2019,2019,127
01/06/2019,2019,47
03/06/2019,2019,18
03/06/2019,2019,2
03/06/2019,2019,21
04/06/2019,2019,30
04/06/2019,2019,10
04/06/2019,2019,8
04/06/2019,2019,81
04/06/2019,2019,9
05/06/2019,2019,6
05/06/2019,2019,5
07/06/2019,2019,12027
07/06/2019,2019,38
07/06/2019,2019,969
07/06/2019,2019,9
07/06/2019,2019,297
07/06/2019,2019,285
07/06/2019,2019,5
08/06/2019,2019,28
10/06/2019,2019,333
10/06/2019,2019,433
10/06/2019,2019,345
10/06/2019,2019,367
10/06/2019,2019,24
10/06/2019,2019,11
10/06/2019,2019,73
10/06/2019,2019,55
11/06/2019,2019,3
11/06/2019,2019,554
12/06/2019,2019,2000
12/06/2019,2019,382
12/06/2019,2019,38
12/06/2019,2019,5
12/06/2019,2019,27
12/06/2019,2019,8
13/06/2019,2019,62
13/06/2019,2019,15
14/06/2019,2019,4
14/06/2019,2019,17
14/06/2019,2019,6
15/06/2019,2019,6
15/06/2019,2019,3
15/06/2019,2019,6
15/06/2019,2019,7
17/06/2019,2019,153
18/06/2019,2019,387
18/06/2019,2019,105
18/06/2019,2019,1
20/06/2019,2019,264
20/06/2019,2019,18
20/06/2019,2019,5
20/06/2019,2019,1
21/06/2019,2019,664
21/06/2019,2019,781
21/06/2019,2019,309
21/06/2019,2019,116
21/06/2019,2019,9
21/06/2019,2019,2
21/06/2019,2019,20
23/06/2019,2019,30
23/06/2019,2019,8
24/06/2019,2019,239
24/06/2019,2019,9
24/06/2019,2019,5444
25/06/2019,2019,36
25/06/2019,2019,60
26/06/2019,2019,138
26/06/2019,2019,381
28/06/2019,2019,572
28/06/2019,2019,1767
28/06/2019,2019,148
28/06/2019,2019,397
28/06/2019,2019,60
28/06/2019,2019,765
28/06/2019,2019,701
28/06/2019,2019,52
29/06/2019,2019,5150
30/06/2019,2019,19592
30/06/2019,2019,47
01/07/2019,2019,800
02/07/2019,2019,9000
02/07/2019,2019,8
02/07/2019,2019,11
03/07/2019,2019,1
04/07/2019,2019,98
04/07/2019,2019,33
04/07/2019,2019,197
05/07/2019,2019,1200
05/07/2019,2019,41
06/07/2019,2019,54
06/07/2019,2019,27
07/07/2019,2019,1781
07/07/2019,2019,136
08/07/2019,2019,381
08/07/2019,2019,302
08/07/2019,2019,592
08/07/2019,2019,156
08/07/2019,2019,440
08/07/2019,2019,337
08/07/2019,2019,236
08/07/2019,2019,11
09/07/2019,2019,311
09/07/2019,2019,5
09/07/2019,2019,7
09/07/2019,2019,7
10/07/2019,2019,8
10/07/2019,2019,29
11/07/2019,2019,183
11/07/2019,2019,5
15/07/2019,2019,673
16/07/2019,2019,160
16/07/2019,2019,17
17/07/2019,2019,306
20/07/2019,2019,9
22/07/2019,2019,8
22/07/2019,2019,4
22/07/2019,2019,212
23/07/2019,2019,9
24/07/2019,2019,16
27/07/2019,2019,3000
29/07/2019,2019,185
29/07/2019,2019,40
29/07/2019,2019,284
30/07/2019,2019,40
31/07/2019,2019,21308
31/07/2019,2019,136
31/07/2019,2019,18
01/08/2019,2019,85
01/08/2019,2019,80
01/08/2019,2019,5
01/08/2019,2019,5
01/08/2019,2019,4
01/08/2019,2019,15
02/08/2019,2019,81
03/08/2019,2019,65
03/08/2019,2019,15
05/08/2019,2019,5342
05/08/2019,2019,568
05/08/2019,2019,150
05/08/2019,2019,210
05/08/2019,2019,81
05/08/2019,2019,64
12/08/2019,2019,37
15/08/2019,2019,429
15/08/2019,2019,429
19/08/2019,2019,18
23/08/2019,2019,600
26/08/2019,2019,267
26/08/2019,2019,314
27/08/2019,2019,36
31/08/2019,2019,21730
31/08/2019,2019,69
01/09/2019,2019,14
01/09/2019,2019,4
01/09/2019,2019,36
02/09/2019,2019,8995
02/09/2019,2019,373
02/09/2019,2019,563
02/09/2019,2019,2216
02/09/2019,2019,94
02/09/2019,2019,143
02/09/2019,2019,649
02/09/2019,2019,101
02/09/2019,2019,5
03/09/2019,2019,79
03/09/2019,2019,26
03/09/2019,2019,11
04/09/2019,2019,506
05/09/2019,2019,30
06/09/2019,2019,464
06/09/2019,2019,363
07/09/2019,2019,19
07/09/2019,2019,12
08/09/2019,2019,8
08/09/2019,2019,57
08/09/2019,2019,34
09/09/2019,2019,800
10/09/2019,2019,298
11/09/2019,2019,15
11/09/2019,2019,142
11/09/2019,2019,71
11/09/2019,2019,44
11/09/2019,2019,5
11/09/2019,2019,2
12/09/2019,2019,2358
13/09/2019,2019,200
13/09/2019,2019,380
13/09/2019,2019,28
14/09/2019,2019,58
14/09/2019,2019,320
15/09/2019,2019,23
16/09/2019,2019,636
16/09/2019,2019,318
16/09/2019,2019,18
16/09/2019,2019,11
16/09/2019,2019,13
17/09/2019,2019,124
17/09/2019,2019,28
18/09/2019,2019,5000
18/09/2019,2019,335
18/09/2019,2019,5
19/09/2019,2019,260
19/09/2019,2019,54
20/09/2019,2019,12
22/09/2019,2019,13
22/09/2019,2019,21
22/09/2019,2019,83
23/09/2019,2019,373
23/09/2019,2019,275
23/09/2019,2019,237
23/09/2019,2019,130
23/09/2019,2019,61
24/09/2019,2019,318
24/09/2019,2019,22
26/09/2019,2019,97
26/09/2019,2019,361
28/09/2019,2019,18
28/09/2019,2019,11
28/09/2019,2019,21
29/09/2019,2019,11
29/09/2019,2019,15
30/09/2019,2019,22570
30/09/2019,2019,9
01/10/2019,2019,522
01/10/2019,2019,166
01/10/2019,2019,22
01/10/2019,2019,53
02/10/2019,2019,324
02/10/2019,2019,121
02/10/2019,2019,97
02/10/2019,2019,5
03/10/2019,2019,115
04/10/2019,2019,250
04/10/2019,2019,321
04/10/2019,2019,321
04/10/2019,2019,376
04/10/2019,2019,518
07/10/2019,2019,8
07/10/2019,2019,8
07/10/2019,2019,48
07/10/2019,2019,9
07/10/2019,2019,8
07/10/2019,2019,67
07/10/2019,2019,20
07/10/2019,2019,15
08/10/2019,2019,9024
08/10/2019,2019,167
08/10/2019,2019,575
08/10/2019,2019,29
08/10/2019,2019,191
08/10/2019,2019,7
08/10/2019,2019,11
08/10/2019,2019,6
08/10/2019,2019,1
08/10/2019,2019,33
08/10/2019,2019,2
10/10/2019,2019,373
10/10/2019,2019,3
10/10/2019,2019,10
10/10/2019,2019,3
10/10/2019,2019,17
10/10/2019,2019,6
11/10/2019,2019,10
11/10/2019,2019,2
11/10/2019,2019,110
13/10/2019,2019,9000
13/10/2019,2019,25
13/10/2019,2019,31
13/10/2019,2019,9
13/10/2019,2019,9
13/10/2019,2019,6
14/10/2019,2019,1000
14/10/2019,2019,700
14/10/2019,2019,144
14/10/2019,2019,240
14/10/2019,2019,372
14/10/2019,2019,562
14/10/2019,2019,184
14/10/2019,2019,3292
14/10/2019,2019,530
14/10/2019,2019,2907
14/10/2019,2019,282
14/10/2019,2019,46
14/10/2019,2019,9
14/10/2019,2019,6
14/10/2019,2019,7
14/10/2019,2019,102
14/10/2019,2019,99
14/10/2019,2019,301
14/10/2019,2019,5
15/10/2019,2019,4603
15/10/2019,2019,4
15/10/2019,2019,20
16/10/2019,2019,79
16/10/2019,2019,221
16/10/2019,2019,7
16/10/2019,2019,4
16/10/2019,2019,4
16/10/2019,2019,6
16/10/2019,2019,1
16/10/2019,2019,4
16/10/2019,2019,3
16/10/2019,2019,2
16/10/2019,2019,20
16/10/2019,2019,11
17/10/2019,2019,30
17/10/2019,2019,34
18/10/2019,2019,101
18/10/2019,2019,23
19/10/2019,2019,19
19/10/2019,2019,2
19/10/2019,2019,66
19/10/2019,2019,10
19/10/2019,2019,153
20/10/2019,2019,800
20/10/2019,2019,9
21/10/2019,2019,237
21/10/2019,2019,276
21/10/2019,2019,278
21/10/2019,2019,4
23/10/2019,2019,441
24/10/2019,2019,729
28/10/2019,2019,37
30/10/2019,2019,238
31/10/2019,2019,24210
31/10/2019,2019,103
31/10/2019,2019,32
31/10/2019,2019,27
01/11/2019,2019,3166
01/11/2019,2019,78
01/11/2019,2019,1
01/11/2019,2019,10
01/11/2019,2019,4
01/11/2019,2019,2
01/11/2019,2019,5
01/11/2019,2019,7
01/11/2019,2019,5
01/11/2019,2019,17
01/11/2019,2019,11
01/11/2019,2019,1
01/11/2019,2019,8
01/11/2019,2019,4
01/11/2019,2019,5
04/11/2019,2019,500
05/11/2019,2019,47811
05/11/2019,2019,26
06/11/2019,2019,70
06/11/2019,2019,32
07/11/2019,2019,17
07/11/2019,2019,54
07/11/2019,2019,44
07/11/2019,2019,38
07/11/2019,2019,6
07/11/2019,2019,11
08/11/2019,2019,442
08/11/2019,2019,6
08/11/2019,2019,10
08/11/2019,2019,22
08/11/2019,2019,6
08/11/2019,2019,8
08/11/2019,2019,10
12/11/2019,2019,178
13/11/2019,2019,1000
13/11/2019,2019,63
13/11/2019,2019,68
14/11/2019,2019,47
14/11/2019,2019,9
15/11/2019,2019,618
15/11/2019,2019,13
15/11/2019,2019,5
15/11/2019,2019,5
15/11/2019,2019,9
15/11/2019,2019,2
15/11/2019,2019,2
16/11/2019,2019,118
17/11/2019,2019,721
18/11/2019,2019,49
18/11/2019,2019,70
19/11/2019,2019,433
20/11/2019,2019,82
20/11/2019,2019,31
22/11/2019,2019,241
22/11/2019,2019,5
25/11/2019,2019,2
25/11/2019,2019,23
25/11/2019,2019,311
26/11/2019,2019,6596
26/11/2019,2019,38
26/11/2019,2019,7
26/11/2019,2019,61
26/11/2019,2019,19
26/11/2019,2019,1005
26/11/2019,2019,40
26/11/2019,2019,17
27/11/2019,2019,115
27/11/2019,2019,132
27/11/2019,2019,4
27/11/2019,2019,9
27/11/2019,2019,6
27/11/2019,2019,6
27/11/2019,2019,8
28/11/2019,2019,600
28/11/2019,2019,199
28/11/2019,2019,10
28/11/2019,2019,12
28/11/2019,2019,28
28/11/2019,2019,15
29/11/2019,2019,630
30/11/2019,2019,25578
30/11/2019,2019,656
01/12/2019,2019,8
01/12/2019,2019,10
01/12/2019,2019,10
01/12/2019,2019,23
01/12/2019,2019,7
01/12/2019,2019,9
01/12/2019,2019,21
01/12/2019,2019,9
01/12/2019,2019,7
01/12/2019,2019,8
01/12/2019,2019,12
02/12/2019,2019,3964
02/12/2019,2019,139
02/12/2019,2019,141
02/12/2019,2019,563
02/12/2019,2019,9
02/12/2019,2019,10
02/12/2019,2019,5
02/12/2019,2019,10
02/12/2019,2019,6
02/12/2019,2019,4
03/12/2019,2019,12
03/12/2019,2019,12
03/12/2019,2019,65
03/12/2019,2019,5
04/12/2019,2019,6000
06/12/2019,2019,38
07/12/2019,2019,11
07/12/2019,2019,45
08/12/2019,2019,11
09/12/2019,2019,1200
09/12/2019,2019,406
09/12/2019,2019,150
09/12/2019,2019,8
09/12/2019,2019,3
09/12/2019,2019,16
09/12/2019,2019,52
09/12/2019,2019,6
09/12/2019,2019,7
09/12/2019,2019,3
09/12/2019,2019,28
10/12/2019,2019,64
10/12/2019,2019,35
10/12/2019,2019,3
10/12/2019,2019,10
10/12/2019,2019,4
10/12/2019,2019,2
11/12/2019,2019,134
11/12/2019,2019,11
11/12/2019,2019,4
11/12/2019,2019,1
11/12/2019,2019,28
11/12/2019,2019,5
11/12/2019,2019,4
11/12/2019,2019,2
11/12/2019,2019,9
11/12/2019,2019,22
11/12/2019,2019,2
11/12/2019,2019,12
11/12/2019,2019,3
12/12/2019,2019,48
13/12/2019,2019,50
13/12/2019,2019,255
13/12/2019,2019,448
13/12/2019,2019,7
13/12/2019,2019,81
13/12/2019,2019,5
13/12/2019,2019,5
13/12/2019,2019,6000
14/12/2019,2019,299
15/12/2019,2019,1600
15/12/2019,2019,3
15/12/2019,2019,8
15/12/2019,2019,23
15/12/2019,2019,10
15/12/2019,2019,8
15/12/2019,2019,12
16/12/2019,2019,2
16/12/2019,2019,0
16/12/2019,2019,9
16/12/2019,2019,12
16/12/2019,2019,10
16/12/2019,2019,8
16/12/2019,2019,16
16/12/2019,2019,2
16/12/2019,2019,11
17/12/2019,2019,4
17/12/2019,2019,1
17/12/2019,2019,23
17/12/2019,2019,14
17/12/2019,2019,2
17/12/2019,2019,2
17/12/2019,2019,2
18/12/2019,2019,2
18/12/2019,2019,1
18/12/2019,2019,9
18/12/2019,2019,3
18/12/2019,2019,3
18/12/2019,2019,6
18/12/2019,2019,2
18/12/2019,2019,2
18/12/2019,2019,17
18/12/2019,2019,61
18/12/2019,2019,139
18/12/2019,2019,145
18/12/2019,2019,2
18/12/2019,2019,4
19/12/2019,2019,1200
19/12/2019,2019,10000
19/12/2019,2019,132
19/12/2019,2019,913
19/12/2019,2019,15
19/12/2019,2019,4
19/12/2019,2019,2
19/12/2019,2019,8
20/12/2019,2019,267
20/12/2019,2019,12
20/12/2019,2019,12
20/12/2019,2019,12
20/12/2019,2019,243
20/12/2019,2019,54
20/12/2019,2019,13
21/12/2019,2019,102
23/12/2019,2019,1
23/12/2019,2019,1
23/12/2019,2019,4
24/12/2019,2019,6
24/12/2019,2019,2
24/12/2019,2019,2
24/12/2019,2019,1
25/12/2019,2019,6
25/12/2019,2019,2
25/12/2019,2019,5
25/12/2019,2019,1
26/12/2019,2019,38
27/12/2019,2019,2
27/12/2019,2019,4
27/12/2019,2019,2
30/12/2019,2019,20
31/12/2019,2019,29613
31/12/2019,2019,4186
31/12/2019,2019,43
31/12/2019,2019,1000
31/12/2019,2019,735
31/12/2019,2019,949
31/12/2019,2019,3
02/01/2020,2020,6245
07/01/2020,2020,752
07/01/2020,2020,201
07/01/2020,2020,365
07/01/2020,2020,442
09/01/2020,2020,30
14/01/2020,2020,353
15/01/2020,2020,351
17/01/2020,2020,92
20/01/2020,2020,353
20/01/2020,2020,252
20/01/2020,2020,263
21/01/2020,2020,360
21/01/2020,2020,306
23/01/2020,2020,50
25/01/2020,2020,351
25/01/2020,2020,5478
25/01/2020,2020,3250
27/01/2020,2020,5
27/01/2020,2020,9
27/01/2020,2020,6
27/01/2020,2020,9
27/01/2020,2020,6
27/01/2020,2020,6
27/01/2020,2020,4
27/01/2020,2020,9
27/01/2020,2020,6
27/01/2020,2020,6
27/01/2020,2020,6
27/01/2020,2020,8
27/01/2020,2020,4
27/01/2020,2020,2
27/01/2020,2020,2
27/01/2020,2020,2
27/01/2020,2020,2
27/01/2020,2020,2
27/01/2020,2020,2
27/01/2020,2020,2
27/01/2020,2020,2
27/01/2020,2020,1
27/01/2020,2020,2
27/01/2020,2020,2
27/01/2020,2020,1
27/01/2020,2020,2
27/01/2020,2020,2
27/01/2020,2020,2
27/01/2020,2020,8
27/01/2020,2020,8
27/01/2020,2020,8
27/01/2020,2020,8
27/01/2020,2020,9
29/01/2020,2020,54
30/01/2020,2020,5
30/01/2020,2020,8
30/01/2020,2020,5
30/01/2020,2020,1
30/01/2020,2020,13
30/01/2020,2020,4
30/01/2020,2020,9
30/01/2020,2020,4
30/01/2020,2020,8
30/01/2020,2020,73
30/01/2020,2020,13
31/01/2020,2020,847
31/01/2020,2020,379
31/01/2020,2020,432
31/01/2020,2020,1845
31/01/2020,2020,213
31/01/2020,2020,2069
31/01/2020,2020,307
31/01/2020,2020,337
31/01/2020,2020,4952
31/01/2020,2020,2562
31/01/2020,2020,2964
31/01/2020,2020,41
31/01/2020,2020,1215
31/01/2020,2020,269
31/01/2020,2020,102
31/01/2020,2020,34
31/01/2020,2020,36
31/01/2020,2020,38
31/01/2020,2020,404
31/01/2020,2020,1552
31/01/2020,2020,36
31/01/2020,2020,888
31/01/2020,2020,72
31/01/2020,2020,433
31/01/2020,2020,115
31/01/2020,2020,320
31/01/2020,2020,68
31/01/2020,2020,217
31/01/2020,2020,72
31/01/2020,2020,318
31/01/2020,2020,77
31/01/2020,2020,38
31/01/2020,2020,1118
31/01/2020,2020,54
31/01/2020,2020,204
31/01/2020,2020,215
31/01/2020,2020,10
31/01/2020,2020,7
31/01/2020,2020,2
31/01/2020,2020,6
31/01/2020,2020,4
31/01/2020,2020,5
31/01/2020,2020,6
31/01/2020,2020,3
31/01/2020,2020,6
31/01/2020,2020,5
31/01/2020,2020,6
31/01/2020,2020,12
31/01/2020,2020,8
31/01/2020,2020,31
31/01/2020,2020,6
31/01/2020,2020,6
31/01/2020,2020,5
31/01/2020,2020,2
31/01/2020,2020,46
31/01/2020,2020,89
31/01/2020,2020,23
31/01/2020,2020,17
31/01/2020,2020,44
31/01/2020,2020,8
01/02/2020,2020,9
01/02/2020,2020,10
01/02/2020,2020,10
01/02/2020,2020,5
01/02/2020,2020,10
01/02/2020,2020,11
03/02/2020,2020,240
04/02/2020,2020,302
07/02/2020,2020,394
07/02/2020,2020,20
07/02/2020,2020,6
07/02/2020,2020,14
07/02/2020,2020,1
07/02/2020,2020,3
07/02/2020,2020,1
07/02/2020,2020,5
07/02/2020,2020,1
07/02/2020,2020,4
07/02/2020,2020,4
07/02/2020,2020,5
07/02/2020,2020,3
07/02/2020,2020,2
07/02/2020,2020,1
07/02/2020,2020,1
07/02/2020,2020,1
07/02/2020,2020,3
07/02/2020,2020,5
07/02/2020,2020,2
07/02/2020,2020,1
07/02/2020,2020,11
07/02/2020,2020,6
07/02/2020,2020,3
07/02/2020,2020,3
07/02/2020,2020,4
07/02/2020,2020,3
07/02/2020,2020,25
10/02/2020,2020,64
10/02/2020,2020,35
10/02/2020,2020,4
11/02/2020,2020,213
12/02/2020,2020,20000
14/02/2020,2020,106
17/02/2020,2020,351
17/02/2020,2020,25
18/02/2020,2020,70
18/02/2020,2020,82
18/02/2020,2020,156
18/02/2020,2020,3
18/02/2020,2020,1
18/02/2020,2020,6
18/02/2020,2020,8
18/02/2020,2020,2
18/02/2020,2020,2
18/02/2020,2020,5
18/02/2020,2020,4
18/02/2020,2020,20
18/02/2020,2020,3
18/02/2020,2020,3
18/02/2020,2020,10
18/02/2020,2020,8
19/02/2020,2020,9
20/02/2020,2020,6246
20/02/2020,2020,9
20/02/2020,2020,11
20/02/2020,2020,10
20/02/2020,2020,9
20/02/2020,2020,7
21/02/2020,2020,22
21/02/2020,2020,32
21/02/2020,2020,13
21/02/2020,2020,3
21/02/2020,2020,8
21/02/2020,2020,8
21/02/2020,2020,8
21/02/2020,2020,6
21/02/2020,2020,5
24/02/2020,2020,432
24/02/2020,2020,401
24/02/2020,2020,248
24/02/2020,2020,13
26/02/2020,2020,7
26/02/2020,2020,581
27/02/2020,2020,8414
29/02/2020,2020,1564
29/02/2020,2020,147
29/02/2020,2020,150
29/02/2020,2020,668
29/02/2020,2020,605
29/02/2020,2020,2857
29/02/2020,2020,3740
29/02/2020,2020,41
29/02/2020,2020,707
29/02/2020,2020,162
29/02/2020,2020,2052
29/02/2020,2020,75
29/02/2020,2020,269
29/02/2020,2020,1258
29/02/2020,2020,794
29/02/2020,2020,225
29/02/2020,2020,337
29/02/2020,2020,1795
29/02/2020,2020,76
29/02/2020,2020,349
29/02/2020,2020,150
29/02/2020,2020,275
29/02/2020,2020,600
29/02/2020,2020,187
29/02/2020,2020,152
29/02/2020,2020,229
29/02/2020,2020,2102
29/02/2020,2020,203
29/02/2020,2020,41
29/02/2020,2020,812
29/02/2020,2020,37
29/02/2020,2020,269
29/02/2020,2020,152
29/02/2020,2020,491
29/02/2020,2020,41
29/02/2020,2020,41
29/02/2020,2020,49
29/02/2020,2020,43
29/02/2020,2020,47
29/02/2020,2020,21
29/02/2020,2020,21
01/03/2020,2020,6
01/03/2020,2020,6
02/03/2020,2020,500
02/03/2020,2020,13624
03/03/2020,2020,2000
06/03/2020,2020,53
09/03/2020,2020,5976
09/03/2020,2020,335
09/03/2020,2020,605
09/03/2020,2020,37
09/03/2020,2020,45
12/03/2020,2020,10
13/03/2020,2020,6
18/03/2020,2020,27
18/03/2020,2020,9
23/03/2020,2020,45
31/03/2020,2020,1187
31/03/2020,2020,225
31/03/2020,2020,3364
31/03/2020,2020,3067
31/03/2020,2020,1742
31/03/2020,2020,1722
31/03/2020,2020,1365
31/03/2020,2020,1180
31/03/2020,2020,1040
31/03/2020,2020,992
31/03/2020,2020,990
31/03/2020,2020,797
31/03/2020,2020,779
31/03/2020,2020,713
31/03/2020,2020,593
31/03/2020,2020,488
31/03/2020,2020,424
31/03/2020,2020,403
31/03/2020,2020,318
31/03/2020,2020,281
31/03/2020,2020,238
31/03/2020,2020,238
31/03/2020,2020,238
31/03/2020,2020,227
31/03/2020,2020,206
31/03/2020,2020,206
31/03/2020,2020,200
31/03/2020,2020,198
31/03/2020,2020,140
31/03/2020,2020,130
31/03/2020,2020,127
31/03/2020,2020,127
31/03/2020,2020,97
31/03/2020,2020,70
31/03/2020,2020,66
31/03/2020,2020,66
31/03/2020,2020,35
31/03/2020,2020,35
31/03/2020,2020,35
31/03/2020,2020,64
02/04/2020,2020,5000
02/04/2020,2020,330
02/04/2020,2020,94
05/04/2020,2020,5916
06/04/2020,2020,318
06/04/2020,2020,277
08/04/2020,2020,89
09/04/2020,2020,25
16/04/2020,2020,267
16/04/2020,2020,267
16/04/2020,2020,267
20/04/2020,2020,37
21/04/2020,2020,500
21/04/2020,2020,16
22/04/2020,2020,497
22/04/2020,2020,497
22/04/2020,2020,497
23/04/2020,2020,950
30/04/2020,2020,52
30/04/2020,2020,1193
30/04/2020,2020,1965
30/04/2020,2020,801
30/04/2020,2020,1707
30/04/2020,2020,848
30/04/2020,2020,869
30/04/2020,2020,967
30/04/2020,2020,536
30/04/2020,2020,1612
30/04/2020,2020,1441
30/04/2020,2020,266
30/04/2020,2020,539
30/04/2020,2020,70
30/04/2020,2020,32
30/04/2020,2020,48
30/04/2020,2020,242
30/04/2020,2020,351
30/04/2020,2020,48
30/04/2020,2020,15
30/04/2020,2020,240
30/04/2020,2020,246
30/04/2020,2020,1897
30/04/2020,2020,16
30/04/2020,2020,274
30/04/2020,2020,22
30/04/2020,2020,70
30/04/2020,2020,184
30/04/2020,2020,240
30/04/2020,2020,95
30/04/2020,2020,320
30/04/2020,2020,93
30/04/2020,2020,211
30/04/2020,2020,187
30/04/2020,2020,16
30/04/2020,2020,30
30/04/2020,2020,70
30/04/2020,2020,65
30/04/2020,2020,40
30/04/2020,2020,35
30/04/2020,2020,35
30/04/2020,2020,89
30/04/2020,2020,89
30/04/2020,2020,70
30/04/2020,2020,337
30/04/2020,2020,35
30/04/2020,2020,69
30/04/2020,2020,93
30/04/2020,2020,23
30/04/2020,2020,23
30/04/2020,2020,22
30/04/2020,2020,22
30/04/2020,2020,5000
30/04/2020,2020,39
01/05/2020,2020,396
01/05/2020,2020,396
04/05/2020,2020,5961
11/05/2020,2020,60
12/05/2020,2020,29
15/05/2020,2020,266
19/05/2020,2020,500
22/05/2020,2020,134
22/05/2020,2020,537
22/05/2020,2020,403
22/05/2020,2020,403
22/05/2020,2020,134
27/05/2020,2020,47
28/05/2020,2020,2
28/05/2020,2020,64
28/05/2020,2020,27
28/05/2020,2020,2
28/05/2020,2020,42
28/05/2020,2020,10
28/05/2020,2020,7
28/05/2020,2020,1
28/05/2020,2020,28
28/05/2020,2020,0
28/05/2020,2020,192
28/05/2020,2020,48
28/05/2020,2020,6
28/05/2020,2020,61
28/05/2020,2020,1
28/05/2020,2020,0
29/05/2020,2020,44
29/05/2020,2020,1
29/05/2020,2020,54
31/05/2020,2020,49
31/05/2020,2020,802
31/05/2020,2020,149
31/05/2020,2020,8773
31/05/2020,2020,2607
31/05/2020,2020,431
31/05/2020,2020,1062
31/05/2020,2020,713
31/05/2020,2020,494
31/05/2020,2020,1858
31/05/2020,2020,453
31/05/2020,2020,325
31/05/2020,2020,175
31/05/2020,2020,219
31/05/2020,2020,318
31/05/2020,2020,43
31/05/2020,2020,550
31/05/2020,2020,11
31/05/2020,2020,277
31/05/2020,2020,161
31/05/2020,2020,2641
31/05/2020,2020,40
31/05/2020,2020,74
31/05/2020,2020,69
31/05/2020,2020,62
31/05/2020,2020,466
31/05/2020,2020,344
31/05/2020,2020,49
31/05/2020,2020,172
31/05/2020,2020,818
31/05/2020,2020,43
31/05/2020,2020,42
31/05/2020,2020,170
31/05/2020,2020,86
31/05/2020,2020,109
31/05/2020,2020,188
31/05/2020,2020,188
31/05/2020,2020,1037
31/05/2020,2020,123
31/05/2020,2020,49
31/05/2020,2020,187
31/05/2020,2020,80
31/05/2020,2020,170
31/05/2020,2020,62
31/05/2020,2020,94
31/05/2020,2020,211
31/05/2020,2020,216
31/05/2020,2020,25
31/05/2020,2020,25
31/05/2020,2020,46
31/05/2020,2020,69
31/05/2020,2020,46
31/05/2020,2020,19
31/05/2020,2020,195
01/06/2020,2020,5000
01/06/2020,2020,9
01/06/2020,2020,4
01/06/2020,2020,12
01/06/2020,2020,10
01/06/2020,2020,58
01/06/2020,2020,46
01/06/2020,2020,5754
01/06/2020,2020,750
01/06/2020,2020,750
01/06/2020,2020,750
02/06/2020,2020,248
02/06/2020,2020,248
03/06/2020,2020,21
03/06/2020,2020,37
04/06/2020,2020,265
04/06/2020,2020,2500
04/06/2020,2020,1000
05/06/2020,2020,800
08/06/2020,2020,882
09/06/2020,2020,235
12/06/2020,2020,10
15/06/2020,2020,38
15/06/2020,2020,6
15/06/2020,2020,12
18/06/2020,2020,2
18/06/2020,2020,16
19/06/2020,2020,800
29/06/2020,2020,261
29/06/2020,2020,261
30/06/2020,2020,193
30/06/2020,2020,178
30/06/2020,2020,803
30/06/2020,2020,1299
30/06/2020,2020,887
30/06/2020,2020,1768
30/06/2020,2020,717
30/06/2020,2020,146
30/06/2020,2020,141
30/06/2020,2020,464
30/06/2020,2020,840
30/06/2020,2020,355
30/06/2020,2020,62
30/06/2020,2020,326
30/06/2020,2020,62
30/06/2020,2020,533
30/06/2020,2020,997
30/06/2020,2020,173
30/06/2020,2020,225
30/06/2020,2020,84
30/06/2020,2020,76
30/06/2020,2020,15
30/06/2020,2020,36
30/06/2020,2020,1041
30/06/2020,2020,121
30/06/2020,2020,1478
30/06/2020,2020,827
30/06/2020,2020,46
30/06/2020,2020,156
30/06/2020,2020,36
30/06/2020,2020,35
30/06/2020,2020,469
30/06/2020,2020,35
30/06/2020,2020,21
30/06/2020,2020,177
30/06/2020,2020,48
30/06/2020,2020,87
30/06/2020,2020,71
30/06/2020,2020,190
30/06/2020,2020,226
30/06/2020,2020,42
30/06/2020,2020,31
30/06/2020,2020,224
30/06/2020,2020,15
30/06/2020,2020,36
30/06/2020,2020,105
30/06/2020,2020,63
01/07/2020,2020,438
01/07/2020,2020,15
02/07/2020,2020,5000
02/07/2020,2020,324
06/07/2020,2020,244
06/07/2020,2020,244
10/07/2020,2020,12
13/07/2020,2020,57
14/07/2020,2020,183
17/07/2020,2020,5712
21/07/2020,2020,306
27/07/2020,2020,252
27/07/2020,2020,94
27/07/2020,2020,12
27/07/2020,2020,17
27/07/2020,2020,40
27/07/2020,2020,34
27/07/2020,2020,47
31/07/2020,2020,33
31/07/2020,2020,1041
31/07/2020,2020,1418
31/07/2020,2020,597
31/07/2020,2020,192
31/07/2020,2020,1518
31/07/2020,2020,317
31/07/2020,2020,681
31/07/2020,2020,1753
31/07/2020,2020,258
31/07/2020,2020,1030
31/07/2020,2020,645
31/07/2020,2020,16
31/07/2020,2020,122
31/07/2020,2020,441
31/07/2020,2020,18
31/07/2020,2020,1301
31/07/2020,2020,33
31/07/2020,2020,35
31/07/2020,2020,1056
31/07/2020,2020,1373
31/07/2020,2020,15
31/07/2020,2020,177
31/07/2020,2020,35
31/07/2020,2020,125
31/07/2020,2020,35
31/07/2020,2020,16
31/07/2020,2020,336
31/07/2020,2020,67
31/07/2020,2020,35
31/07/2020,2020,34
31/07/2020,2020,107
31/07/2020,2020,71
31/07/2020,2020,15
31/07/2020,2020,71
31/07/2020,2020,5000
31/07/2020,2020,328
31/07/2020,2020,547
31/07/2020,2020,31
31/07/2020,2020,314
31/07/2020,2020,279
31/07/2020,2020,313
31/07/2020,2020,744
31/07/2020,2020,286
31/07/2020,2020,258
31/07/2020,2020,318
31/07/2020,2020,76
31/07/2020,2020,0
31/07/2020,2020,41
31/07/2020,2020,29
31/07/2020,2020,9
31/07/2020,2020,48
31/07/2020,2020,946
31/07/2020,2020,2298
31/07/2020,2020,1149
31/07/2020,2020,1622
31/07/2020,2020,5004
01/08/2020,2020,15
01/08/2020,2020,9
01/08/2020,2020,5
01/08/2020,2020,6
01/08/2020,2020,7
01/08/2020,2020,9
04/08/2020,2020,47
05/08/2020,2020,245
06/08/2020,2020,227
06/08/2020,2020,227
10/08/2020,2020,2
10/08/2020,2020,2
10/08/2020,2020,2
11/08/2020,2020,6
12/08/2020,2020,4
12/08/2020,2020,2
12/08/2020,2020,2
13/08/2020,2020,233
13/08/2020,2020,233
14/08/2020,2020,5740
17/08/2020,2020,13000
17/08/2020,2020,175
17/08/2020,2020,203
20/08/2020,2020,219
20/08/2020,2020,70
20/08/2020,2020,70
21/08/2020,2020,2
21/08/2020,2020,7
22/08/2020,2020,57
24/08/2020,2020,5
24/08/2020,2020,67
24/08/2020,2020,58
25/08/2020,2020,231
25/08/2020,2020,231
25/08/2020,2020,231
25/08/2020,2020,231
25/08/2020,2020,2
25/08/2020,2020,8
26/08/2020,2020,18
26/08/2020,2020,8
30/08/2020,2020,20
30/08/2020,2020,33
31/08/2020,2020,1865
31/08/2020,2020,817
31/08/2020,2020,1033
31/08/2020,2020,87
31/08/2020,2020,31
31/08/2020,2020,1685
31/08/2020,2020,268
31/08/2020,2020,841
31/08/2020,2020,36
31/08/2020,2020,396
31/08/2020,2020,31
31/08/2020,2020,87
31/08/2020,2020,18
31/08/2020,2020,1186
31/08/2020,2020,526
31/08/2020,2020,1730
31/08/2020,2020,31
31/08/2020,2020,31
31/08/2020,2020,1618
31/08/2020,2020,68
31/08/2020,2020,110
31/08/2020,2020,480
31/08/2020,2020,43
31/08/2020,2020,174
31/08/2020,2020,393
31/08/2020,2020,337
31/08/2020,2020,53
31/08/2020,2020,330
31/08/2020,2020,36
31/08/2020,2020,53
31/08/2020,2020,158
31/08/2020,2020,125
31/08/2020,2020,126
31/08/2020,2020,31
31/08/2020,2020,31
31/08/2020,2020,18
31/08/2020,2020,101
01/09/2020,2020,5000
01/09/2020,2020,54
01/09/2020,2020,2
01/09/2020,2020,2
01/09/2020,2020,2
01/09/2020,2020,2
01/09/2020,2020,7
01/09/2020,2020,2
01/09/2020,2020,84
01/09/2020,2020,400
03/09/2020,2020,4500
03/09/2020,2020,5972
04/09/2020,2020,356
04/09/2020,2020,8
06/09/2020,2020,101
06/09/2020,2020,34
06/09/2020,2020,16
07/09/2020,2020,301
08/09/2020,2020,1000
10/09/2020,2020,1000
10/09/2020,2020,424
10/09/2020,2020,800
10/09/2020,2020,800
14/09/2020,2020,217
14/09/2020,2020,236
17/09/2020,2020,3
17/09/2020,2020,0
17/09/2020,2020,1
17/09/2020,2020,15
17/09/2020,2020,15
21/09/2020,2020,3
21/09/2020,2020,38
21/09/2020,2020,40
21/09/2020,2020,33
21/09/2020,2020,51
21/09/2020,2020,224
22/09/2020,2020,200
30/09/2020,2020,116
30/09/2020,2020,238
30/09/2020,2020,13
30/09/2020,2020,13
30/09/2020,2020,10
30/09/2020,2020,1362
30/09/2020,2020,273
30/09/2020,2020,501
30/09/2020,2020,82
30/09/2020,2020,33
30/09/2020,2020,121
30/09/2020,2020,56
30/09/2020,2020,83
30/09/2020,2020,37
30/09/2020,2020,452
30/09/2020,2020,507
30/09/2020,2020,239
30/09/2020,2020,136
30/09/2020,2020,538
30/09/2020,2020,682
30/09/2020,2020,914
30/09/2020,2020,660
30/09/2020,2020,56
30/09/2020,2020,27
30/09/2020,2020,123
30/09/2020,2020,923
30/09/2020,2020,1722
30/09/2020,2020,1392
30/09/2020,2020,27
30/09/2020,2020,30
30/09/2020,2020,27
30/09/2020,2020,69
30/09/2020,2020,392
30/09/2020,2020,52
30/09/2020,2020,52
30/09/2020,2020,49
30/09/2020,2020,23
30/09/2020,2020,66
30/09/2020,2020,33
30/09/2020,2020,25
30/09/2020,2020,6
30/09/2020,2020,36
30/09/2020,2020,285
30/09/2020,2020,11
30/09/2020,2020,159
30/09/2020,2020,12
30/09/2020,2020,114
01/10/2020,2020,5000
01/10/2020,2020,10
01/10/2020,2020,3
01/10/2020,2020,7
01/10/2020,2020,5
01/10/2020,2020,11
01/10/2020,2020,10
01/10/2020,2020,306
01/10/2020,2020,413
01/10/2020,2020,25
01/10/2020,2020,12
06/10/2020,2020,2860
07/10/2020,2020,28
08/10/2020,2020,217
08/10/2020,2020,217
12/10/2020,2020,951
14/10/2020,2020,5000
19/10/2020,2020,12
20/10/2020,2020,216
27/10/2020,2020,6
27/10/2020,2020,6
28/10/2020,2020,63
30/10/2020,2020,5000
30/10/2020,2020,846
30/10/2020,2020,6
30/10/2020,2020,14
31/10/2020,2020,88
31/10/2020,2020,1775
31/10/2020,2020,1770
31/10/2020,2020,996
31/10/2020,2020,41
31/10/2020,2020,117
31/10/2020,2020,110
31/10/2020,2020,35
31/10/2020,2020,1105
31/10/2020,2020,444
31/10/2020,2020,23
31/10/2020,2020,726
31/10/2020,2020,90
31/10/2020,2020,513
31/10/2020,2020,33
31/10/2020,2020,116
31/10/2020,2020,16
31/10/2020,2020,14
31/10/2020,2020,27
31/10/2020,2020,78
31/10/2020,2020,27
31/10/2020,2020,205
31/10/2020,2020,19
31/10/2020,2020,104
31/10/2020,2020,698
31/10/2020,2020,33
31/10/2020,2020,123
31/10/2020,2020,23
31/10/2020,2020,23
31/10/2020,2020,16
31/10/2020,2020,90
31/10/2020,2020,19
31/10/2020,2020,39
31/10/2020,2020,247
31/10/2020,2020,149
31/10/2020,2020,196
31/10/2020,2020,23
31/10/2020,2020,150
31/10/2020,2020,39
31/10/2020,2020,16
31/10/2020,2020,113
31/10/2020,2020,385
31/10/2020,2020,197
31/10/2020,2020,74
31/10/2020,2020,162
31/10/2020,2020,150
31/10/2020,2020,365
31/10/2020,2020,346
31/10/2020,2020,16
31/10/2020,2020,16
31/10/2020,2020,13
31/10/2020,2020,55
31/10/2020,2020,11
02/11/2020,2020,6
05/11/2020,2020,6
06/11/2020,2020,26
06/11/2020,2020,7
06/11/2020,2020,522
06/11/2020,2020,10
07/11/2020,2020,6
07/11/2020,2020,4
07/11/2020,2020,8
08/11/2020,2020,1390
08/11/2020,2020,199
08/11/2020,2020,794
08/11/2020,2020,4368
08/11/2020,2020,4072
09/11/2020,2020,36
09/11/2020,2020,411
09/11/2020,2020,411
09/11/2020,2020,719
09/11/2020,2020,308
09/11/2020,2020,1028
11/11/2020,2020,12
11/11/2020,2020,3
16/11/2020,2020,257
16/11/2020,2020,210
23/11/2020,2020,19
26/11/2020,2020,7875
30/11/2020,2020,149
30/11/2020,2020,272
30/11/2020,2020,130
30/11/2020,2020,15
30/11/2020,2020,662
30/11/2020,2020,2648
30/11/2020,2020,168
30/11/2020,2020,932
30/11/2020,2020,29
30/11/2020,2020,56
30/11/2020,2020,689
30/11/2020,2020,19
30/11/2020,2020,164
30/11/2020,2020,495
30/11/2020,2020,482
30/11/2020,2020,82
30/11/2020,2020,633
30/11/2020,2020,152
30/11/2020,2020,152
30/11/2020,2020,349
30/11/2020,2020,23
30/11/2020,2020,84
30/11/2020,2020,33
30/11/2020,2020,26
30/11/2020,2020,447
30/11/2020,2020,84
30/11/2020,2020,181
30/11/2020,2020,143
30/11/2020,2020,135
30/11/2020,2020,23
30/11/2020,2020,68
30/11/2020,2020,455
30/11/2020,2020,235
30/11/2020,2020,23
30/11/2020,2020,60
30/11/2020,2020,151
30/11/2020,2020,33
30/11/2020,2020,607
30/11/2020,2020,33
30/11/2020,2020,176
30/11/2020,2020,26
30/11/2020,2020,13
30/11/2020,2020,622
30/11/2020,2020,23
30/11/2020,2020,206
30/11/2020,2020,114
30/11/2020,2020,36
01/12/2020,2020,1334
01/12/2020,2020,667
01/12/2020,2020,111
01/12/2020,2020,778
01/12/2020,2020,5000
01/12/2020,2020,42
01/12/2020,2020,107
01/12/2020,2020,214
01/12/2020,2020,107
06/12/2020,2020,542
06/12/2020,2020,1625
06/12/2020,2020,310
06/12/2020,2020,77
06/12/2020,2020,155
06/12/2020,2020,310
16/12/2020,2020,2657
16/12/2020,2020,2
16/12/2020,2020,4
16/12/2020,2020,25
22/12/2020,2020,2
30/12/2020,2020,652
30/12/2020,2020,326
30/12/2020,2020,217
30/12/2020,2020,543
30/12/2020,2020,109
30/12/2020,2020,217
30/12/2020,2020,326
30/12/2020,2020,109
30/12/2020,2020,543
30/12/2020,2020,109
30/12/2020,2020,543
30/12/2020,2020,109
30/12/2020,2020,109
30/12/2020,2020,58
30/12/2020,2020,9
31/12/2020,2020,552
31/12/2020,2020,36
31/12/2020,2020,332
31/12/2020,2020,21
31/12/2020,2020,104
31/12/2020,2020,42
31/12/2020,2020,64
31/12/2020,2020,42
31/12/2020,2020,125
31/12/2020,2020,42
31/12/2020,2020,42
31/12/2020,2020,42
31/12/2020,2020,25
31/12/2020,2020,83
31/12/2020,2020,299
31/12/2020,2020,42
31/12/2020,2020,42
31/12/2020,2020,21
31/12/2020,2020,83
31/12/2020,2020,291
31/12/2020,2020,21
31/12/2020,2020,21
31/12/2020,2020,436
31/12/2020,2020,62
31/12/2020,2020,291
31/12/2020,2020,21
31/12/2020,2020,42
31/12/2020,2020,42
31/12/2020,2020,21
31/12/2020,2020,208
31/12/2020,2020,97
31/12/2020,2020,499
31/12/2020,2020,21
31/12/2020,2020,42
31/12/2020,2020,18
31/12/2020,2020,187
31/12/2020,2020,42
31/12/2020,2020,42
31/12/2020,2020,166
31/12/2020,2020,42
31/12/2020,2020,332
31/12/2020,2020,312
31/12/2020,2020,21
31/12/2020,2020,21
31/12/2020,2020,21
31/12/2020,2020,166
31/12/2020,2020,21
31/12/2020,2020,104
31/12/2020,2020,310
31/12/2020,2020,291
31/12/2020,2020,104
31/12/2020,2020,547
31/12/2020,2020,166
31/12/2020,2020,74
31/12/2020,2020,21
31/12/2020,2020,208
31/12/2020,2020,21
31/12/2020,2020,42
31/12/2020,2020,415
31/12/2020,2020,544
31/12/2020,2020,42
31/12/2020,2020,21
31/12/2020,2020,1002
31/12/2020,2020,83
31/12/2020,2020,98
31/12/2020,2020,21
31/12/2020,2020,187
31/12/2020,2020,395
31/12/2020,2020,478
31/12/2020,2020,62
31/12/2020,2020,295
31/12/2020,2020,42
31/12/2020,2020,478
31/12/2020,2020,42
31/12/2020,2020,42
31/12/2020,2020,65
31/12/2020,2020,21
31/12/2020,2020,42
31/12/2020,2020,21
31/12/2020,2020,347
31/12/2020,2020,63
31/12/2020,2020,781
31/12/2020,2020,2012
31/12/2020,2020,31
31/12/2020,2020,1358
31/12/2020,2020,987
31/12/2020,2020,87
31/12/2020,2020,61
31/12/2020,2020,65
31/12/2020,2020,252
31/12/2020,2020,586
31/12/2020,2020,31
31/12/2020,2020,60
31/12/2020,2020,121
31/12/2020,2020,313
31/12/2020,2020,304
31/12/2020,2020,89
31/12/2020,2020,31
31/12/2020,2020,74
31/12/2020,2020,110
31/12/2020,2020,144
31/12/2020,2020,670
31/12/2020,2020,32
31/12/2020,2020,98
31/12/2020,2020,74
31/12/2020,2020,98
31/12/2020,2020,31
31/12/2020,2020,16
31/12/2020,2020,164
31/12/2020,2020,1148
31/12/2020,2020,82
31/12/2020,2020,328
31/12/2020,2020,410
31/12/2020,2020,574
31/12/2020,2020,82
31/12/2020,2020,750
31/12/2020,2020,56
31/12/2020,2020,395
31/12/2020,2020,320
31/12/2020,2020,0
31/12/2020,2020,8
31/12/2020,2020,0
31/12/2020,2020,0
05/01/2021,2021,1000
06/01/2021,2021,2804
06/01/2021,2021,1500
11/01/2021,2021,1110
12/01/2021,2021,1300
13/01/2021,2021,11
13/01/2021,2021,11
14/01/2021,2021,10
15/01/2021,2021,240
15/01/2021,2021,214
18/01/2021,2021,16
18/01/2021,2021,10
18/01/2021,2021,13
20/01/2021,2021,0
21/01/2021,2021,85
21/01/2021,2021,36
21/01/2021,2021,9
25/01/2021,2021,11
25/01/2021,2021,12
25/01/2021,2021,8
25/01/2021,2021,0
25/01/2021,2021,1
26/01/2021,2021,214
26/01/2021,2021,214
26/01/2021,2021,14
26/01/2021,2021,501
26/01/2021,2021,7875
27/01/2021,2021,3015
29/01/2021,2021,6
30/01/2021,2021,931
30/01/2021,2021,2172
31/01/2021,2021,17
31/01/2021,2021,2428
31/01/2021,2021,2388
31/01/2021,2021,36
31/01/2021,2021,2307
31/01/2021,2021,321
31/01/2021,2021,441
31/01/2021,2021,311
31/01/2021,2021,734
31/01/2021,2021,430
31/01/2021,2021,191
31/01/2021,2021,996
31/01/2021,2021,123
31/01/2021,2021,2721
31/01/2021,2021,1685
31/01/2021,2021,473
31/01/2021,2021,811
31/01/2021,2021,460
31/01/2021,2021,513
31/01/2021,2021,171
31/01/2021,2021,51
31/01/2021,2021,152
31/01/2021,2021,61
31/01/2021,2021,104
31/01/2021,2021,34
31/01/2021,2021,72
31/01/2021,2021,64
31/01/2021,2021,258
31/01/2021,2021,64
31/01/2021,2021,227
31/01/2021,2021,76
31/01/2021,2021,135
31/01/2021,2021,625
31/01/2021,2021,116
31/01/2021,2021,337
31/01/2021,2021,48
31/01/2021,2021,129
31/01/2021,2021,303
31/01/2021,2021,68
31/01/2021,2021,7253
31/01/2021,2021,147
31/01/2021,2021,161
31/01/2021,2021,2327
31/01/2021,2021,321
31/01/2021,2021,161
02/02/2021,2021,8
02/02/2021,2021,227
04/02/2021,2021,6
04/02/2021,2021,7
04/02/2021,2021,9
05/02/2021,2021,20
05/02/2021,2021,110
05/02/2021,2021,60
08/02/2021,2021,15
08/02/2021,2021,48
09/02/2021,2021,5
09/02/2021,2021,12
10/02/2021,2021,1
10/02/2021,2021,12
11/02/2021,2021,22
11/02/2021,2021,136
11/02/2021,2021,85
16/02/2021,2021,95
16/02/2021,2021,95
16/02/2021,2021,190
16/02/2021,2021,476
16/02/2021,2021,286
16/02/2021,2021,95
16/02/2021,2021,476
16/02/2021,2021,95
16/02/2021,2021,95
16/02/2021,2021,190
16/02/2021,2021,190
16/02/2021,2021,476
18/02/2021,2021,6
19/02/2021,2021,7
19/02/2021,2021,6
22/02/2021,2021,233
22/02/2021,2021,22
22/02/2021,2021,233
24/02/2021,2021,35
24/02/2021,2021,35
24/02/2021,2021,0
25/02/2021,2021,12
25/02/2021,2021,1
25/02/2021,2021,4
25/02/2021,2021,0
28/02/2021,2021,1288
28/02/2021,2021,99
28/02/2021,2021,99
28/02/2021,2021,73
28/02/2021,2021,197
28/02/2021,2021,67
28/02/2021,2021,2011
28/02/2021,2021,500
28/02/2021,2021,1095
28/02/2021,2021,36
28/02/2021,2021,1310
28/02/2021,2021,250
28/02/2021,2021,499
28/02/2021,2021,1575
28/02/2021,2021,3060
28/02/2021,2021,1309
28/02/2021,2021,2697
28/02/2021,2021,355
28/02/2021,2021,104
28/02/2021,2021,17
28/02/2021,2021,105
28/02/2021,2021,50
28/02/2021,2021,96
28/02/2021,2021,226
28/02/2021,2021,50
28/02/2021,2021,72
28/02/2021,2021,144
28/02/2021,2021,128
28/02/2021,2021,67
28/02/2021,2021,1225
28/02/2021,2021,53
28/02/2021,2021,226
28/02/2021,2021,150
28/02/2021,2021,271
28/02/2021,2021,72
28/02/2021,2021,334
28/02/2021,2021,218
28/02/2021,2021,157
28/02/2021,2021,84
28/02/2021,2021,167
28/02/2021,2021,1030
28/02/2021,2021,49
28/02/2021,2021,171
28/02/2021,2021,24
28/02/2021,2021,301
28/02/2021,2021,75
28/02/2021,2021,157
28/02/2021,2021,229
01/03/2021,2021,100
01/03/2021,2021,100
01/03/2021,2021,200
01/03/2021,2021,200
01/03/2021,2021,100
01/03/2021,2021,200
01/03/2021,2021,700
01/03/2021,2021,200
01/03/2021,2021,300
01/03/2021,2021,200
01/03/2021,2021,100
01/03/2021,2021,1243
01/03/2021,2021,24
01/03/2021,2021,222
02/03/2021,2021,12
08/03/2021,2021,41
12/03/2021,2021,157
15/03/2021,2021,56
15/03/2021,2021,41
15/03/2021,2021,22
22/03/2021,2021,50
22/03/2021,2021,41
23/03/2021,2021,32
25/03/2021,2021,204
25/03/2021,2021,204
25/03/2021,2021,204
25/03/2021,2021,244
25/03/2021,2021,8
25/03/2021,2021,0
25/03/2021,2021,1
26/03/2021,2021,71
26/03/2021,2021,107
26/03/2021,2021,480
29/03/2021,2021,56
29/03/2021,2021,217
30/03/2021,2021,21
31/03/2021,2021,26
31/03/2021,2021,2360
31/03/2021,2021,2497
31/03/2021,2021,1143
31/03/2021,2021,1947
31/03/2021,2021,287
31/03/2021,2021,1209
31/03/2021,2021,52
31/03/2021,2021,71
31/03/2021,2021,29
31/03/2021,2021,46
31/03/2021,2021,427
31/03/2021,2021,156
31/03/2021,2021,29
31/03/2021,2021,482
31/03/2021,2021,57
31/03/2021,2021,112
31/03/2021,2021,577
31/03/2021,2021,13
31/03/2021,2021,2473
31/03/2021,2021,13
31/03/2021,2021,123
31/03/2021,2021,38
31/03/2021,2021,94
31/03/2021,2021,117
31/03/2021,2021,175
31/03/2021,2021,58
31/03/2021,2021,52
31/03/2021,2021,828
31/03/2021,2021,1571
31/03/2021,2021,52
31/03/2021,2021,855
31/03/2021,2021,436
31/03/2021,2021,52
31/03/2021,2021,243
31/03/2021,2021,334
31/03/2021,2021,479
31/03/2021,2021,61
31/03/2021,2021,130
31/03/2021,2021,430
31/03/2021,2021,58
31/03/2021,2021,29
31/03/2021,2021,341
31/03/2021,2021,86
31/03/2021,2021,39
31/03/2021,2021,172
31/03/2021,2021,30
31/03/2021,2021,26
01/04/2021,2021,197
01/04/2021,2021,9
04/04/2021,2021,81
04/04/2021,2021,242
04/04/2021,2021,161
04/04/2021,2021,296
04/04/2021,2021,430
04/04/2021,2021,27
04/04/2021,2021,54
04/04/2021,2021,134
04/04/2021,2021,54
04/04/2021,2021,27
04/04/2021,2021,1693
05/04/2021,2021,87
05/04/2021,2021,870
05/04/2021,2021,174
05/04/2021,2021,696
05/04/2021,2021,87
05/04/2021,2021,87
05/04/2021,2021,261
05/04/2021,2021,87
05/04/2021,2021,174
05/04/2021,2021,435
05/04/2021,2021,307
05/04/2021,2021,153
05/04/2021,2021,307
05/04/2021,2021,153
05/04/2021,2021,307
05/04/2021,2021,307
05/04/2021,2021,2761
05/04/2021,2021,49
05/04/2021,2021,12
05/04/2021,2021,46
05/04/2021,2021,750
05/04/2021,2021,210
06/04/2021,2021,7
06/04/2021,2021,800
06/04/2021,2021,7
11/04/2021,2021,30
11/04/2021,2021,10
11/04/2021,2021,13
12/04/2021,2021,129
12/04/2021,2021,249
12/04/2021,2021,41
13/04/2021,2021,0
15/04/2021,2021,21
19/04/2021,2021,414
21/04/2021,2021,205
21/04/2021,2021,307
26/04/2021,2021,149
26/04/2021,2021,60
26/04/2021,2021,82
26/04/2021,2021,22
29/04/2021,2021,1500
30/04/2021,2021,28
30/04/2021,2021,2155
30/04/2021,2021,5980
30/04/2021,2021,2092
30/04/2021,2021,1620
30/04/2021,2021,787
30/04/2021,2021,1206
30/04/2021,2021,93
30/04/2021,2021,195
30/04/2021,2021,78
30/04/2021,2021,382
30/04/2021,2021,563
30/04/2021,2021,870
30/04/2021,2021,522
30/04/2021,2021,787
30/04/2021,2021,14
30/04/2021,2021,566
30/04/2021,2021,33
30/04/2021,2021,1659
30/04/2021,2021,33
30/04/2021,2021,471
30/04/2021,2021,349
30/04/2021,2021,28
30/04/2021,2021,327
30/04/2021,2021,324
30/04/2021,2021,649
30/04/2021,2021,34
30/04/2021,2021,153
30/04/2021,2021,153
30/04/2021,2021,66
30/04/2021,2021,695
30/04/2021,2021,239
30/04/2021,2021,14
30/04/2021,2021,1571
30/04/2021,2021,1326
30/04/2021,2021,33
30/04/2021,2021,79
30/04/2021,2021,841
30/04/2021,2021,15
30/04/2021,2021,22
30/04/2021,2021,275
30/04/2021,2021,550
30/04/2021,2021,412
30/04/2021,2021,3847
30/04/2021,2021,687
30/04/2021,2021,275
30/04/2021,2021,275
01/05/2021,2021,39
01/05/2021,2021,4
02/05/2021,2021,533
02/05/2021,2021,133
02/05/2021,2021,1600
02/05/2021,2021,533
03/05/2021,2021,201
03/05/2021,2021,199
05/05/2021,2021,966
05/05/2021,2021,4668
05/05/2021,2021,1091
05/05/2021,2021,91
05/05/2021,2021,545
05/05/2021,2021,818
05/05/2021,2021,91
05/05/2021,2021,91
05/05/2021,2021,636
05/05/2021,2021,46
05/05/2021,2021,439
10/05/2021,2021,45
10/05/2021,2021,250
11/05/2021,2021,5
18/05/2021,2021,24
18/05/2021,2021,0
20/05/2021,2021,23
21/05/2021,2021,20
25/05/2021,2021,300
25/05/2021,2021,0
31/05/2021,2021,246
31/05/2021,2021,2399
31/05/2021,2021,84
31/05/2021,2021,46
31/05/2021,2021,449
31/05/2021,2021,1163
31/05/2021,2021,93
31/05/2021,2021,561
31/05/2021,2021,67
31/05/2021,2021,3100
31/05/2021,2021,845
31/05/2021,2021,838
31/05/2021,2021,243
31/05/2021,2021,375
31/05/2021,2021,964
31/05/2021,2021,1250
31/05/2021,2021,628
31/05/2021,2021,834
31/05/2021,2021,1542
31/05/2021,2021,1090
31/05/2021,2021,107
31/05/2021,2021,65
31/05/2021,2021,152
31/05/2021,2021,284
31/05/2021,2021,1736
31/05/2021,2021,276
31/05/2021,2021,100
31/05/2021,2021,349
31/05/2021,2021,175
31/05/2021,2021,67
31/05/2021,2021,114
31/05/2021,2021,117
31/05/2021,2021,17
01/06/2021,2021,476
01/06/2021,2021,381
01/06/2021,2021,95
01/06/2021,2021,571
01/06/2021,2021,190
01/06/2021,2021,190
01/06/2021,2021,95
01/06/2021,2021,95
01/06/2021,2021,95
01/06/2021,2021,95
01/06/2021,2021,190
01/06/2021,2021,190
01/06/2021,2021,39
01/06/2021,2021,36
01/06/2021,2021,760
01/06/2021,2021,304
01/06/2021,2021,152
01/06/2021,2021,5168
02/06/2021,2021,429
02/06/2021,2021,286
02/06/2021,2021,3857
03/06/2021,2021,0
03/06/2021,2021,197
04/06/2021,2021,103
09/06/2021,2021,250
14/06/2021,2021,849
14/06/2021,2021,98
14/06/2021,2021,3
15/06/2021,2021,2500
21/06/2021,2021,50
24/06/2021,2021,5
24/06/2021,2021,159
24/06/2021,2021,159
28/06/2021,2021,238
28/06/2021,2021,15
30/06/2021,2021,382
30/06/2021,2021,2029
30/06/2021,2021,1601
30/06/2021,2021,1619
30/06/2021,2021,2037
30/06/2021,2021,400
30/06/2021,2021,217
30/06/2021,2021,89
30/06/2021,2021,62
30/06/2021,2021,882
30/06/2021,2021,447
30/06/2021,2021,104
30/06/2021,2021,392
30/06/2021,2021,44
30/06/2021,2021,18
30/06/2021,2021,345
30/06/2021,2021,163
30/06/2021,2021,33
30/06/2021,2021,18
30/06/2021,2021,229
30/06/2021,2021,763
30/06/2021,2021,211
30/06/2021,2021,67
30/06/2021,2021,1073
30/06/2021,2021,675
30/06/2021,2021,167
30/06/2021,2021,161
30/06/2021,2021,163
30/06/2021,2021,1118
30/06/2021,2021,2215
30/06/2021,2021,270
30/06/2021,2021,433
30/06/2021,2021,232
30/06/2021,2021,53
30/06/2021,2021,190
30/06/2021,2021,209
30/06/2021,2021,60
30/06/2021,2021,99
30/06/2021,2021,74
30/06/2021,2021,237
30/06/2021,2021,118
30/06/2021,2021,49
30/06/2021,2021,71
01/07/2021,2021,103
01/07/2021,2021,205
01/07/2021,2021,615
01/07/2021,2021,513
01/07/2021,2021,205
01/07/2021,2021,205
01/07/2021,2021,135
01/07/2021,2021,37
01/07/2021,2021,973
01/07/2021,2021,139
01/07/2021,2021,1112
01/07/2021,2021,139
01/07/2021,2021,278
01/07/2021,2021,278
01/07/2021,2021,3196
01/07/2021,2021,278
01/07/2021,2021,800
02/07/2021,2021,193
06/07/2021,2021,245
06/07/2021,2021,218
09/07/2021,2021,136
09/07/2021,2021,136
09/07/2021,2021,136
09/07/2021,2021,1227
09/07/2021,2021,3545
12/07/2021,2021,187
12/07/2021,2021,7
12/07/2021,2021,12
12/07/2021,2021,39
13/07/2021,2021,41
13/07/2021,2021,13
13/07/2021,2021,60
14/07/2021,2021,7
19/07/2021,2021,252
19/07/2021,2021,42
19/07/2021,2021,23
26/07/2021,2021,219
28/07/2021,2021,475
28/07/2021,2021,123
28/07/2021,2021,9
28/07/2021,2021,5
30/07/2021,2021,364
30/07/2021,2021,636
30/07/2021,2021,91
30/07/2021,2021,91
30/07/2021,2021,182
30/07/2021,2021,91
30/07/2021,2021,455
30/07/2021,2021,1120
30/07/2021,2021,36
30/07/2021,2021,21
30/07/2021,2021,145
30/07/2021,2021,52
30/07/2021,2021,49
30/07/2021,2021,38
30/07/2021,2021,39
30/07/2021,2021,2
30/07/2021,2021,446
31/07/2021,2021,2486
31/07/2021,2021,1303
31/07/2021,2021,1674
31/07/2021,2021,1835
31/07/2021,2021,370
31/07/2021,2021,464
31/07/2021,2021,256
31/07/2021,2021,495
31/07/2021,2021,111
31/07/2021,2021,129
31/07/2021,2021,179
31/07/2021,2021,519
31/07/2021,2021,73
31/07/2021,2021,1702
31/07/2021,2021,281
31/07/2021,2021,1355
31/07/2021,2021,238
31/07/2021,2021,971
31/07/2021,2021,171
31/07/2021,2021,427
31/07/2021,2021,271
31/07/2021,2021,45
31/07/2021,2021,79
31/07/2021,2021,558
31/07/2021,2021,1794
31/07/2021,2021,883
31/07/2021,2021,369
31/07/2021,2021,405
31/07/2021,2021,49
31/07/2021,2021,37
31/07/2021,2021,3328
31/07/2021,2021,48
31/07/2021,2021,944
31/07/2021,2021,154
31/07/2021,2021,74
31/07/2021,2021,48
31/07/2021,2021,55
31/07/2021,2021,160
31/07/2021,2021,23
01/08/2021,2021,30
01/08/2021,2021,39
02/08/2021,2021,3000
02/08/2021,2021,140
02/08/2021,2021,1331
02/08/2021,2021,1730
02/08/2021,2021,133
03/08/2021,2021,23
03/08/2021,2021,23
04/08/2021,2021,338
04/08/2021,2021,15
04/08/2021,2021,21
05/08/2021,2021,10
05/08/2021,2021,39
05/08/2021,2021,23
10/08/2021,2021,220
10/08/2021,2021,220
10/08/2021,2021,220
11/08/2021,2021,14
12/08/2021,2021,30
12/08/2021,2021,6
14/08/2021,2021,15
14/08/2021,2021,9
14/08/2021,2021,8
16/08/2021,2021,6
16/08/2021,2021,10
16/08/2021,2021,800
18/08/2021,2021,47
19/08/2021,2021,39
19/08/2021,2021,399
19/08/2021,2021,2
19/08/2021,2021,100
23/08/2021,2021,28
24/08/2021,2021,1118
24/08/2021,2021,142
24/08/2021,2021,273
26/08/2021,2021,5
26/08/2021,2021,600
27/08/2021,2021,253
30/08/2021,2021,26
30/08/2021,2021,243
30/08/2021,2021,254
31/08/2021,2021,177
31/08/2021,2021,6047
31/08/2021,2021,6593
31/08/2021,2021,5115
31/08/2021,2021,1346
31/08/2021,2021,1442
31/08/2021,2021,1000
31/08/2021,2021,183
31/08/2021,2021,183
31/08/2021,2021,1981
31/08/2021,2021,109
31/08/2021,2021,2429
31/08/2021,2021,1587
31/08/2021,2021,731
31/08/2021,2021,1295
31/08/2021,2021,2031
31/08/2021,2021,2651
31/08/2021,2021,271
31/08/2021,2021,217
31/08/2021,2021,676
31/08/2021,2021,31
31/08/2021,2021,1142
31/08/2021,2021,991
31/08/2021,2021,90
31/08/2021,2021,228
31/08/2021,2021,2165
31/08/2021,2021,2338
31/08/2021,2021,1790
31/08/2021,2021,1108
31/08/2021,2021,876
31/08/2021,2021,217
31/08/2021,2021,870
31/08/2021,2021,1812
31/08/2021,2021,753
31/08/2021,2021,208
31/08/2021,2021,662
31/08/2021,2021,147
31/08/2021,2021,163
31/08/2021,2021,163
31/08/2021,2021,255
31/08/2021,2021,2
01/09/2021,2021,182
01/09/2021,2021,1000
01/09/2021,2021,91
01/09/2021,2021,273
01/09/2021,2021,455
01/09/2021,2021,48
01/09/2021,2021,3
01/09/2021,2021,42
01/09/2021,2021,49
01/09/2021,2021,38
02/09/2021,2021,7
03/09/2021,2021,257
03/09/2021,2021,3
06/09/2021,2021,48
06/09/2021,2021,3500
06/09/2021,2021,5378
06/09/2021,2021,1017
07/09/2021,2021,3
07/09/2021,2021,24
07/09/2021,2021,10
09/09/2021,2021,10
10/09/2021,2021,224
12/09/2021,2021,409
12/09/2021,2021,2727
12/09/2021,2021,1364
13/09/2021,2021,65
13/09/2021,2021,19
13/09/2021,2021,300
16/09/2021,2021,15
17/09/2021,2021,4
21/09/2021,2021,221
21/09/2021,2021,8
21/09/2021,2021,1783
22/09/2021,2021,947
22/09/2021,2021,250
22/09/2021,2021,384
23/09/2021,2021,221
23/09/2021,2021,31
23/09/2021,2021,23
23/09/2021,2021,3
24/09/2021,2021,5
27/09/2021,2021,8
28/09/2021,2021,71
28/09/2021,2021,102
30/09/2021,2021,3387
30/09/2021,2021,1423
30/09/2021,2021,372
30/09/2021,2021,1393
30/09/2021,2021,1614
30/09/2021,2021,816
30/09/2021,2021,2870
30/09/2021,2021,57
30/09/2021,2021,20
30/09/2021,2021,269
30/09/2021,2021,22
30/09/2021,2021,1260
30/09/2021,2021,104
30/09/2021,2021,573
30/09/2021,2021,165
30/09/2021,2021,169
30/09/2021,2021,107
30/09/2021,2021,813
30/09/2021,2021,190
30/09/2021,2021,3984
30/09/2021,2021,1722
30/09/2021,2021,267
30/09/2021,2021,328
30/09/2021,2021,341
30/09/2021,2021,745
30/09/2021,2021,598
30/09/2021,2021,481
30/09/2021,2021,20
30/09/2021,2021,1321
30/09/2021,2021,398
30/09/2021,2021,184
30/09/2021,2021,482
30/09/2021,2021,122
30/09/2021,2021,20
30/09/2021,2021,72
30/09/2021,2021,71
30/09/2021,2021,240
30/09/2021,2021,234
30/09/2021,2021,238
30/09/2021,2021,20
01/10/2021,2021,182
01/10/2021,2021,818
01/10/2021,2021,182
01/10/2021,2021,182
01/10/2021,2021,182
01/10/2021,2021,91
01/10/2021,2021,43
01/10/2021,2021,38
01/10/2021,2021,75
01/10/2021,2021,434
01/10/2021,2021,5789
01/10/2021,2021,145
04/10/2021,2021,270
04/10/2021,2021,98
04/10/2021,2021,95
04/10/2021,2021,51
04/10/2021,2021,110
05/10/2021,2021,2
05/10/2021,2021,8
05/10/2021,2021,14
05/10/2021,2021,13
07/10/2021,2021,3500
09/10/2021,2021,125
09/10/2021,2021,1875
09/10/2021,2021,35
09/10/2021,2021,14
11/10/2021,2021,218
11/10/2021,2021,374
14/10/2021,2021,1200
19/10/2021,2021,174
20/10/2021,2021,13
20/10/2021,2021,108
20/10/2021,2021,1868
22/10/2021,2021,10
22/10/2021,2021,10
22/10/2021,2021,15
24/10/2021,2021,23
25/10/2021,2021,42
26/10/2021,2021,18
26/10/2021,2021,7
26/10/2021,2021,9
26/10/2021,2021,18
27/10/2021,2021,8
27/10/2021,2021,9
27/10/2021,2021,424
27/10/2021,2021,2000
31/10/2021,2021,4020
31/10/2021,2021,3670
31/10/2021,2021,5938
31/10/2021,2021,732
31/10/2021,2021,678
31/10/2021,2021,396
31/10/2021,2021,17
31/10/2021,2021,45
31/10/2021,2021,77
31/10/2021,2021,353
31/10/2021,2021,1804
31/10/2021,2021,462
31/10/2021,2021,36
31/10/2021,2021,71
31/10/2021,2021,188
31/10/2021,2021,212
31/10/2021,2021,30
31/10/2021,2021,144
31/10/2021,2021,45
31/10/2021,2021,90
31/10/2021,2021,439
31/10/2021,2021,16
31/10/2021,2021,427
31/10/2021,2021,483
31/10/2021,2021,65
31/10/2021,2021,1133
31/10/2021,2021,555
31/10/2021,2021,208
31/10/2021,2021,130
31/10/2021,2021,2036
31/10/2021,2021,357
31/10/2021,2021,115
31/10/2021,2021,596
31/10/2021,2021,150
31/10/2021,2021,661
31/10/2021,2021,115
31/10/2021,2021,63
31/10/2021,2021,1043
31/10/2021,2021,391
01/11/2021,2021,293
01/11/2021,2021,195
01/11/2021,2021,195
01/11/2021,2021,195
01/11/2021,2021,195
01/11/2021,2021,98
01/11/2021,2021,108
01/11/2021,2021,11
01/11/2021,2021,83
01/11/2021,2021,68
01/11/2021,2021,81
01/11/2021,2021,11
01/11/2021,2021,222
01/11/2021,2021,108
01/11/2021,2021,68
01/11/2021,2021,61
01/11/2021,2021,81
01/11/2021,2021,17
01/11/2021,2021,11
01/11/2021,2021,68
01/11/2021,2021,61
01/11/2021,2021,81
01/11/2021,2021,11
01/11/2021,2021,222
01/11/2021,2021,255
01/11/2021,2021,68
01/11/2021,2021,81
01/11/2021,2021,17
01/11/2021,2021,13
01/11/2021,2021,11
01/11/2021,2021,83
01/11/2021,2021,61
01/11/2021,2021,81
01/11/2021,2021,11
01/11/2021,2021,83
01/11/2021,2021,81
01/11/2021,2021,11
01/11/2021,2021,81
01/11/2021,2021,222
01/11/2021,2021,17
01/11/2021,2021,13
01/11/2021,2021,222
01/11/2021,2021,255
01/11/2021,2021,17
01/11/2021,2021,13
01/11/2021,2021,255
01/11/2021,2021,91
01/11/2021,2021,13
01/11/2021,2021,91
01/11/2021,2021,197
01/11/2021,2021,211
01/11/2021,2021,108
01/11/2021,2021,61
01/11/2021,2021,91
01/11/2021,2021,184
01/11/2021,2021,197
01/11/2021,2021,211
01/11/2021,2021,108
01/11/2021,2021,83
01/11/2021,2021,108
01/11/2021,2021,83
01/11/2021,2021,68
01/11/2021,2021,108
01/11/2021,2021,108
01/11/2021,2021,108
01/11/2021,2021,83
01/11/2021,2021,108
01/11/2021,2021,83
01/11/2021,2021,83
01/11/2021,2021,83
01/11/2021,2021,83
01/11/2021,2021,68
01/11/2021,2021,83
01/11/2021,2021,11
01/11/2021,2021,61
01/11/2021,2021,81
01/11/2021,2021,222
01/11/2021,2021,17
01/11/2021,2021,255
01/11/2021,2021,13
01/11/2021,2021,68
01/11/2021,2021,9
01/11/2021,2021,43
01/11/2021,2021,8
01/11/2021,2021,34
02/11/2021,2021,7074
04/11/2021,2021,1500
04/11/2021,2021,750
05/11/2021,2021,3
05/11/2021,2021,2
06/11/2021,2021,87
08/11/2021,2021,1500
08/11/2021,2021,283
08/11/2021,2021,1066
08/11/2021,2021,8
08/11/2021,2021,250
10/11/2021,2021,8
10/11/2021,2021,4
10/11/2021,2021,572
10/11/2021,2021,1143
10/11/2021,2021,4716
11/11/2021,2021,76
11/11/2021,2021,8
15/11/2021,2021,15000
15/11/2021,2021,19
15/11/2021,2021,72
17/11/2021,2021,5
18/11/2021,2021,29
22/11/2021,2021,600
23/11/2021,2021,3735
24/11/2021,2021,15
29/11/2021,2021,10
